[{"visits":2,"filename":"0785.jpg"},{"visits":1,"filename":"0296.jpg"},{"visits":1,"filename":"1017.jpg"},{"visits":1,"filename":"0732.jpg"},{"visits":1,"filename":"1014.jpg"},{"visits":1,"filename":"0641.jpg"},{"visits":1,"filename":"0966.jpg"},{"visits":1,"filename":"0508.jpg"},{"visits":1,"filename":"0551.jpg"},{"visits":1,"filename":"0304.jpg"},{"visits":1,"filename":"0265.jpg"},{"visits":1,"filename":"0807.jpg"},{"visits":1,"filename":"0418.jpg"},{"visits":1,"filename":"0609.jpg"},{"visits":1,"filename":"0263.jpg"},{"visits":1,"filename":"0089.jpg"},{"visits":1,"filename":"0767.jpg"},{"visits":1,"filename":"0552.jpg"},{"visits":1,"filename":"0088.jpg"},{"visits":1,"filename":"0983.jpg"},{"visits":1,"filename":"0008.jpg"},{"visits":1,"filename":"0629.jpg"},{"visits":1,"filename":"0063.jpg"},{"visits":1,"filename":"0231.jpg"},{"visits":1,"filename":"0863.jpg"},{"visits":1,"filename":"0166.jpg"},{"visits":1,"filename":"0192.jpg"},{"visits":1,"filename":"0711.jpg"},{"visits":1,"filename":"0497.jpg"},{"visits":1,"filename":"0535.jpg"},{"visits":1,"filename":"0338.jpg"},{"visits":1,"filename":"0208.jpg"},{"visits":1,"filename":"0757.jpg"},{"visits":1,"filename":"0817.jpg"},{"visits":1,"filename":"0834.jpg"},{"visits":1,"filename":"0244.jpg"},{"visits":1,"filename":"0515.jpg"},{"visits":1,"filename":"0504.jpg"},{"visits":1,"filename":"0113.jpg"},{"visits":1,"filename":"0753.jpg"},{"visits":1,"filename":"0717.jpg"},{"visits":1,"filename":"0571.jpg"},{"visits":1,"filename":"0512.jpg"},{"visits":1,"filename":"0409.jpg"},{"visits":1,"filename":"0233.jpg"},{"visits":1,"filename":"0398.jpg"},{"visits":1,"filename":"0778.jpg"},{"visits":1,"filename":"0605.jpg"},{"visits":1,"filename":"0615.jpg"},{"visits":1,"filename":"0029.jpg"},{"visits":1,"filename":"0091.jpg"},{"visits":1,"filename":"0555.jpg"},{"visits":1,"filename":"1010.jpg"},{"visits":1,"filename":"0427.jpg"},{"visits":1,"filename":"0169.jpg"},{"visits":1,"filename":"0229.jpg"},{"visits":1,"filename":"0105.jpg"},{"visits":1,"filename":"0227.jpg"},{"visits":1,"filename":"0104.jpg"},{"visits":1,"filename":"0940.jpg"},{"visits":1,"filename":"0503.jpg"},{"visits":1,"filename":"0397.jpg"},{"visits":1,"filename":"0499.jpg"},{"visits":1,"filename":"0345.jpg"},{"visits":1,"filename":"0704.jpg"},{"visits":1,"filename":"0818.jpg"},{"visits":1,"filename":"0760.jpg"},{"visits":1,"filename":"0763.jpg"},{"visits":1,"filename":"0707.jpg"},{"visits":1,"filename":"0494.jpg"},{"visits":1,"filename":"0638.jpg"},{"visits":1,"filename":"0204.jpg"},{"visits":1,"filename":"0819.jpg"},{"visits":1,"filename":"0985.jpg"},{"visits":1,"filename":"0037.jpg"},{"visits":1,"filename":"0056.jpg"},{"visits":1,"filename":"0174.jpg"},{"visits":1,"filename":"0019.jpg"},{"visits":1,"filename":"0637.jpg"},{"visits":1,"filename":"0547.jpg"},{"visits":1,"filename":"0175.jpg"},{"visits":1,"filename":"0474.jpg"},{"visits":1,"filename":"0445.jpg"},{"visits":1,"filename":"0354.jpg"},{"visits":1,"filename":"0665.jpg"},{"visits":1,"filename":"0300.jpg"},{"visits":1,"filename":"0055.jpg"},{"visits":1,"filename":"0438.jpg"},{"visits":1,"filename":"0812.jpg"},{"visits":1,"filename":"0329.jpg"},{"visits":1,"filename":"0932.jpg"},{"visits":1,"filename":"0004.jpg"},{"visits":1,"filename":"0560.jpg"},{"visits":1,"filename":"0710.jpg"},{"visits":1,"filename":"0608.jpg"},{"visits":1,"filename":"0655.jpg"},{"visits":1,"filename":"0473.jpg"},{"visits":1,"filename":"0356.jpg"},{"visits":1,"filename":"0312.jpg"},{"visits":1,"filename":"0773.jpg"},{"visits":1,"filename":"0987.jpg"},{"visits":1,"filename":"0835.jpg"},{"visits":1,"filename":"0205.jpg"},{"visits":1,"filename":"0259.jpg"},{"visits":1,"filename":"0774.jpg"},{"visits":1,"filename":"0393.jpg"},{"visits":1,"filename":"0582.jpg"},{"visits":1,"filename":"0386.jpg"},{"visits":1,"filename":"0938.jpg"},{"visits":1,"filename":"0058.jpg"},{"visits":1,"filename":"0342.jpg"},{"visits":1,"filename":"0544.jpg"},{"visits":1,"filename":"0222.jpg"},{"visits":1,"filename":"0275.jpg"},{"visits":1,"filename":"0971.jpg"},{"visits":1,"filename":"0388.jpg"},{"visits":1,"filename":"1008.jpg"},{"visits":1,"filename":"0047.jpg"},{"visits":1,"filename":"0333.jpg"},{"visits":1,"filename":"0696.jpg"},{"visits":1,"filename":"0613.jpg"},{"visits":1,"filename":"0514.jpg"},{"visits":1,"filename":"1001.jpg"},{"visits":1,"filename":"0209.jpg"},{"visits":1,"filename":"0214.jpg"},{"visits":1,"filename":"0429.jpg"},{"visits":1,"filename":"0894.jpg"},{"visits":1,"filename":"1009.jpg"},{"visits":1,"filename":"0919.jpg"},{"visits":1,"filename":"0792.jpg"},{"visits":1,"filename":"0496.jpg"},{"visits":1,"filename":"0471.jpg"},{"visits":1,"filename":"0691.jpg"},{"visits":1,"filename":"0614.jpg"},{"visits":1,"filename":"0017.jpg"},{"visits":1,"filename":"0481.jpg"},{"visits":1,"filename":"0887.jpg"},{"visits":1,"filename":"0904.jpg"},{"visits":1,"filename":"0458.jpg"},{"visits":1,"filename":"0478.jpg"},{"visits":1,"filename":"0680.jpg"},{"visits":1,"filename":"0351.jpg"},{"visits":1,"filename":"0491.jpg"},{"visits":1,"filename":"0578.jpg"},{"visits":1,"filename":"0071.jpg"},{"visits":1,"filename":"0313.jpg"},{"visits":1,"filename":"0914.jpg"},{"visits":1,"filename":"0040.jpg"},{"visits":1,"filename":"0943.jpg"},{"visits":1,"filename":"0759.jpg"},{"visits":1,"filename":"0125.jpg"},{"visits":1,"filename":"0096.jpg"},{"visits":1,"filename":"0358.jpg"},{"visits":1,"filename":"0364.jpg"},{"visits":1,"filename":"0245.jpg"},{"visits":1,"filename":"0879.jpg"},{"visits":1,"filename":"0046.jpg"},{"visits":1,"filename":"0856.jpg"},{"visits":1,"filename":"0026.jpg"},{"visits":1,"filename":"0248.jpg"},{"visits":1,"filename":"0794.jpg"},{"visits":1,"filename":"0179.jpg"},{"visits":1,"filename":"0865.jpg"},{"visits":1,"filename":"0828.jpg"},{"visits":1,"filename":"0320.jpg"},{"visits":1,"filename":"0082.jpg"},{"visits":1,"filename":"0873.jpg"},{"visits":1,"filename":"0674.jpg"},{"visits":1,"filename":"0463.jpg"},{"visits":1,"filename":"0517.jpg"},{"visits":1,"filename":"0292.jpg"},{"visits":1,"filename":"0260.jpg"},{"visits":1,"filename":"0285.jpg"},{"visits":1,"filename":"0127.jpg"},{"visits":1,"filename":"0908.jpg"},{"visits":1,"filename":"0011.jpg"},{"visits":1,"filename":"0439.jpg"},{"visits":1,"filename":"0621.jpg"},{"visits":1,"filename":"0194.jpg"},{"visits":1,"filename":"0830.jpg"},{"visits":1,"filename":"0254.jpg"},{"visits":1,"filename":"0163.jpg"},{"visits":1,"filename":"0545.jpg"},{"visits":1,"filename":"0288.jpg"},{"visits":1,"filename":"0001.jpg"},{"visits":1,"filename":"0880.jpg"},{"visits":1,"filename":"0846.jpg"},{"visits":1,"filename":"0867.jpg"},{"visits":1,"filename":"0853.jpg"},{"visits":1,"filename":"0084.jpg"},{"visits":1,"filename":"1002.jpg"},{"visits":1,"filename":"0913.jpg"},{"visits":1,"filename":"0992.jpg"},{"visits":1,"filename":"0371.jpg"},{"visits":1,"filename":"0129.jpg"},{"visits":1,"filename":"0390.jpg"},{"visits":1,"filename":"0226.jpg"},{"visits":1,"filename":"0258.jpg"},{"visits":1,"filename":"0187.jpg"},{"visits":1,"filename":"0893.jpg"},{"visits":1,"filename":"0117.jpg"},{"visits":1,"filename":"0663.jpg"},{"visits":1,"filename":"0093.jpg"},{"visits":1,"filename":"0752.jpg"},{"visits":1,"filename":"0062.jpg"},{"visits":1,"filename":"0073.jpg"},{"visits":1,"filename":"0977.jpg"},{"visits":1,"filename":"0937.jpg"},{"visits":1,"filename":"0525.jpg"},{"visits":1,"filename":"0446.jpg"},{"visits":1,"filename":"0975.jpg"},{"visits":1,"filename":"0534.jpg"},{"visits":1,"filename":"0078.jpg"},{"visits":1,"filename":"0507.jpg"},{"visits":1,"filename":"1005.jpg"},{"visits":1,"filename":"0403.jpg"},{"visits":1,"filename":"0013.jpg"},{"visits":1,"filename":"0824.jpg"},{"visits":1,"filename":"0193.jpg"},{"visits":1,"filename":"0690.jpg"},{"visits":1,"filename":"0744.jpg"},{"visits":1,"filename":"0923.jpg"},{"visits":1,"filename":"0228.jpg"},{"visits":1,"filename":"0279.jpg"},{"visits":1,"filename":"0036.jpg"},{"visits":1,"filename":"0401.jpg"},{"visits":1,"filename":"0381.jpg"},{"visits":1,"filename":"0044.jpg"},{"visits":1,"filename":"0915.jpg"},{"visits":1,"filename":"0421.jpg"},{"visits":1,"filename":"0140.jpg"},{"visits":1,"filename":"0815.jpg"},{"visits":1,"filename":"0632.jpg"},{"visits":1,"filename":"0898.jpg"},{"visits":1,"filename":"0215.jpg"},{"visits":1,"filename":"0888.jpg"},{"visits":1,"filename":"0269.jpg"},{"visits":1,"filename":"0059.jpg"},{"visits":1,"filename":"0518.jpg"},{"visits":1,"filename":"0622.jpg"},{"visits":1,"filename":"0109.jpg"},{"visits":1,"filename":"0272.jpg"},{"visits":1,"filename":"0868.jpg"},{"visits":1,"filename":"0145.jpg"},{"visits":1,"filename":"0018.jpg"},{"visits":1,"filename":"0234.jpg"},{"visits":1,"filename":"0112.jpg"},{"visits":1,"filename":"0876.jpg"},{"visits":1,"filename":"0591.jpg"},{"visits":1,"filename":"0252.jpg"},{"visits":1,"filename":"0727.jpg"},{"visits":1,"filename":"0459.jpg"},{"visits":1,"filename":"0860.jpg"},{"visits":1,"filename":"0542.jpg"},{"visits":1,"filename":"0579.jpg"},{"visits":1,"filename":"0537.jpg"},{"visits":1,"filename":"0549.jpg"},{"visits":1,"filename":"0565.jpg"},{"visits":1,"filename":"0698.jpg"},{"visits":1,"filename":"0877.jpg"},{"visits":1,"filename":"1015.jpg"},{"visits":1,"filename":"0610.jpg"},{"visits":1,"filename":"0240.jpg"},{"visits":1,"filename":"0595.jpg"},{"visits":1,"filename":"0709.jpg"},{"visits":1,"filename":"0162.jpg"},{"visits":1,"filename":"0982.jpg"},{"visits":1,"filename":"0378.jpg"},{"visits":1,"filename":"0911.jpg"},{"visits":1,"filename":"0585.jpg"},{"visits":1,"filename":"0991.jpg"},{"visits":1,"filename":"0907.jpg"},{"visits":1,"filename":"0405.jpg"},{"visits":1,"filename":"0959.jpg"},{"visits":1,"filename":"0323.jpg"},{"visits":1,"filename":"0956.jpg"},{"visits":1,"filename":"0854.jpg"},{"visits":1,"filename":"0917.jpg"},{"visits":1,"filename":"0108.jpg"},{"visits":1,"filename":"0198.jpg"},{"visits":1,"filename":"0633.jpg"},{"visits":1,"filename":"0131.jpg"},{"visits":1,"filename":"0823.jpg"},{"visits":1,"filename":"0558.jpg"},{"visits":1,"filename":"0425.jpg"},{"visits":1,"filename":"0431.jpg"},{"visits":1,"filename":"0635.jpg"},{"visits":1,"filename":"0969.jpg"},{"visits":1,"filename":"0957.jpg"},{"visits":1,"filename":"0133.jpg"},{"visits":1,"filename":"1003.jpg"},{"visits":1,"filename":"0467.jpg"},{"visits":1,"filename":"0973.jpg"},{"visits":1,"filename":"0569.jpg"},{"visits":1,"filename":"0110.jpg"},{"visits":1,"filename":"0383.jpg"},{"visits":1,"filename":"0772.jpg"},{"visits":1,"filename":"0340.jpg"},{"visits":1,"filename":"0988.jpg"},{"visits":1,"filename":"1016.jpg"},{"visits":1,"filename":"0946.jpg"},{"visits":1,"filename":"0748.jpg"},{"visits":1,"filename":"0562.jpg"},{"visits":1,"filename":"0124.jpg"},{"visits":1,"filename":"0810.jpg"},{"visits":1,"filename":"1018.jpg"},{"visits":1,"filename":"0787.jpg"},{"visits":1,"filename":"0064.jpg"},{"visits":1,"filename":"0138.jpg"},{"visits":1,"filename":"0550.jpg"},{"visits":1,"filename":"0905.jpg"},{"visits":1,"filename":"0002.jpg"},{"visits":1,"filename":"0053.jpg"},{"visits":1,"filename":"0216.jpg"},{"visits":1,"filename":"0015.jpg"},{"visits":1,"filename":"0092.jpg"},{"visits":1,"filename":"0809.jpg"},{"visits":1,"filename":"0247.jpg"},{"visits":1,"filename":"0839.jpg"},{"visits":1,"filename":"0121.jpg"},{"visits":1,"filename":"0829.jpg"},{"visits":1,"filename":"0900.jpg"},{"visits":1,"filename":"0065.jpg"},{"visits":1,"filename":"0200.jpg"},{"visits":1,"filename":"0901.jpg"},{"visits":1,"filename":"0502.jpg"},{"visits":1,"filename":"0392.jpg"},{"visits":1,"filename":"0080.jpg"},{"visits":1,"filename":"0897.jpg"},{"visits":1,"filename":"0337.jpg"},{"visits":1,"filename":"0781.jpg"},{"visits":1,"filename":"0906.jpg"},{"visits":1,"filename":"0825.jpg"},{"visits":1,"filename":"0277.jpg"},{"visits":1,"filename":"0041.jpg"},{"visits":1,"filename":"0299.jpg"},{"visits":1,"filename":"0068.jpg"},{"visits":1,"filename":"0805.jpg"},{"visits":1,"filename":"0618.jpg"},{"visits":1,"filename":"0933.jpg"},{"visits":1,"filename":"0942.jpg"},{"visits":1,"filename":"0592.jpg"},{"visits":1,"filename":"0256.jpg"},{"visits":1,"filename":"0892.jpg"},{"visits":1,"filename":"0054.jpg"},{"visits":1,"filename":"0636.jpg"},{"visits":1,"filename":"0803.jpg"},{"visits":1,"filename":"0099.jpg"},{"visits":1,"filename":"0859.jpg"},{"visits":1,"filename":"0588.jpg"},{"visits":1,"filename":"0789.jpg"},{"visits":1,"filename":"0861.jpg"},{"visits":1,"filename":"0212.jpg"},{"visits":1,"filename":"0804.jpg"},{"visits":1,"filename":"0538.jpg"},{"visits":1,"filename":"0103.jpg"},{"visits":1,"filename":"0437.jpg"},{"visits":1,"filename":"0808.jpg"},{"visits":1,"filename":"0843.jpg"},{"visits":1,"filename":"0813.jpg"},{"visits":1,"filename":"0523.jpg"},{"visits":1,"filename":"0283.jpg"},{"visits":1,"filename":"0472.jpg"},{"visits":1,"filename":"0576.jpg"},{"visits":1,"filename":"0428.jpg"},{"visits":1,"filename":"0115.jpg"},{"visits":1,"filename":"0840.jpg"},{"visits":1,"filename":"0930.jpg"},{"visits":1,"filename":"0052.jpg"},{"visits":1,"filename":"0241.jpg"},{"visits":1,"filename":"0137.jpg"},{"visits":1,"filename":"0250.jpg"},{"visits":1,"filename":"0246.jpg"},{"visits":1,"filename":"0820.jpg"},{"visits":1,"filename":"0577.jpg"},{"visits":1,"filename":"0981.jpg"},{"visits":1,"filename":"0023.jpg"},{"visits":1,"filename":"0559.jpg"},{"visits":1,"filename":"0238.jpg"},{"visits":1,"filename":"0206.jpg"},{"visits":1,"filename":"0852.jpg"},{"visits":1,"filename":"0918.jpg"},{"visits":1,"filename":"0475.jpg"},{"visits":1,"filename":"0341.jpg"},{"visits":1,"filename":"1020.jpg"},{"visits":1,"filename":"0221.jpg"},{"visits":1,"filename":"0769.jpg"},{"visits":1,"filename":"0289.jpg"},{"visits":1,"filename":"0714.jpg"},{"visits":1,"filename":"0266.jpg"},{"visits":1,"filename":"0479.jpg"},{"visits":1,"filename":"0758.jpg"},{"visits":1,"filename":"0069.jpg"},{"visits":1,"filename":"0546.jpg"},{"visits":1,"filename":"0657.jpg"},{"visits":1,"filename":"0416.jpg"},{"visits":1,"filename":"0950.jpg"},{"visits":1,"filename":"0864.jpg"},{"visits":1,"filename":"0668.jpg"},{"visits":1,"filename":"0417.jpg"},{"visits":1,"filename":"0611.jpg"},{"visits":1,"filename":"0678.jpg"},{"visits":1,"filename":"1019.jpg"},{"visits":1,"filename":"0993.jpg"},{"visits":1,"filename":"0777.jpg"},{"visits":1,"filename":"0076.jpg"},{"visits":1,"filename":"0016.jpg"},{"visits":1,"filename":"0009.jpg"},{"visits":1,"filename":"0295.jpg"},{"visits":1,"filename":"0597.jpg"},{"visits":1,"filename":"0391.jpg"},{"visits":1,"filename":"0529.jpg"},{"visits":1,"filename":"0468.jpg"},{"visits":1,"filename":"0271.jpg"},{"visits":1,"filename":"0003.jpg"},{"visits":1,"filename":"0321.jpg"},{"visits":1,"filename":"0598.jpg"},{"visits":1,"filename":"0682.jpg"},{"visits":1,"filename":"0042.jpg"},{"visits":1,"filename":"0899.jpg"},{"visits":1,"filename":"0573.jpg"},{"visits":1,"filename":"0159.jpg"},{"visits":1,"filename":"0487.jpg"},{"visits":1,"filename":"0561.jpg"},{"visits":1,"filename":"0346.jpg"},{"visits":1,"filename":"0738.jpg"},{"visits":1,"filename":"0077.jpg"},{"visits":1,"filename":"0396.jpg"},{"visits":1,"filename":"1000.jpg"},{"visits":1,"filename":"0189.jpg"},{"visits":1,"filename":"0470.jpg"},{"visits":1,"filename":"0716.jpg"},{"visits":1,"filename":"0460.jpg"},{"visits":1,"filename":"0328.jpg"},{"visits":1,"filename":"0308.jpg"},{"visits":1,"filename":"0866.jpg"},{"visits":1,"filename":"0347.jpg"},{"visits":1,"filename":"0366.jpg"},{"visits":1,"filename":"0944.jpg"},{"visits":1,"filename":"0126.jpg"},{"visits":1,"filename":"0653.jpg"},{"visits":1,"filename":"0929.jpg"},{"visits":1,"filename":"0211.jpg"},{"visits":1,"filename":"0935.jpg"},{"visits":1,"filename":"0701.jpg"},{"visits":1,"filename":"0355.jpg"},{"visits":1,"filename":"0624.jpg"},{"visits":1,"filename":"0708.jpg"},{"visits":1,"filename":"0307.jpg"},{"visits":1,"filename":"0660.jpg"},{"visits":1,"filename":"0419.jpg"},{"visits":1,"filename":"0958.jpg"},{"visits":1,"filename":"0628.jpg"},{"visits":1,"filename":"0675.jpg"},{"visits":1,"filename":"0486.jpg"},{"visits":1,"filename":"0634.jpg"},{"visits":1,"filename":"0048.jpg"},{"visits":1,"filename":"0495.jpg"},{"visits":1,"filename":"0556.jpg"},{"visits":1,"filename":"0134.jpg"},{"visits":1,"filename":"0889.jpg"},{"visits":1,"filename":"0278.jpg"},{"visits":1,"filename":"0218.jpg"},{"visits":1,"filename":"0920.jpg"},{"visits":1,"filename":"0034.jpg"},{"visits":1,"filename":"0746.jpg"},{"visits":1,"filename":"0715.jpg"},{"visits":1,"filename":"0700.jpg"},{"visits":1,"filename":"0883.jpg"},{"visits":1,"filename":"0025.jpg"},{"visits":1,"filename":"0453.jpg"},{"visits":1,"filename":"0606.jpg"},{"visits":1,"filename":"0122.jpg"},{"visits":1,"filename":"1021.jpg"},{"visits":1,"filename":"0927.jpg"},{"visits":1,"filename":"0699.jpg"},{"visits":1,"filename":"1013.jpg"},{"visits":1,"filename":"0201.jpg"},{"visits":1,"filename":"0976.jpg"},{"visits":1,"filename":"0532.jpg"},{"visits":1,"filename":"0642.jpg"},{"visits":1,"filename":"0389.jpg"},{"visits":1,"filename":"0158.jpg"},{"visits":1,"filename":"0294.jpg"},{"visits":1,"filename":"0513.jpg"},{"visits":1,"filename":"0000.jpg"},{"visits":1,"filename":"0450.jpg"},{"visits":1,"filename":"0315.jpg"},{"visits":1,"filename":"0599.jpg"},{"visits":1,"filename":"0028.jpg"},{"visits":1,"filename":"0895.jpg"},{"visits":1,"filename":"0723.jpg"},{"visits":1,"filename":"0858.jpg"},{"visits":1,"filename":"0849.jpg"},{"visits":1,"filename":"0903.jpg"},{"visits":1,"filename":"0844.jpg"},{"visits":1,"filename":"1004.jpg"},{"visits":1,"filename":"0891.jpg"},{"visits":1,"filename":"0261.jpg"},{"visits":1,"filename":"0336.jpg"},{"visits":1,"filename":"0689.jpg"},{"visits":1,"filename":"0316.jpg"},{"visits":1,"filename":"0141.jpg"},{"visits":1,"filename":"0961.jpg"},{"visits":1,"filename":"0953.jpg"},{"visits":1,"filename":"0782.jpg"},{"visits":1,"filename":"0871.jpg"},{"visits":1,"filename":"0722.jpg"},{"visits":1,"filename":"0527.jpg"},{"visits":1,"filename":"0584.jpg"},{"visits":1,"filename":"0332.jpg"},{"visits":1,"filename":"0659.jpg"},{"visits":1,"filename":"0455.jpg"},{"visits":1,"filename":"0426.jpg"},{"visits":1,"filename":"0434.jpg"},{"visits":1,"filename":"0934.jpg"},{"visits":1,"filename":"0331.jpg"},{"visits":1,"filename":"0586.jpg"},{"visits":1,"filename":"0164.jpg"},{"visits":1,"filename":"0931.jpg"},{"visits":1,"filename":"0160.jpg"},{"visits":1,"filename":"0616.jpg"},{"visits":1,"filename":"0725.jpg"},{"visits":1,"filename":"0120.jpg"},{"visits":1,"filename":"0135.jpg"},{"visits":1,"filename":"0826.jpg"},{"visits":1,"filename":"0327.jpg"},{"visits":1,"filename":"0557.jpg"},{"visits":1,"filename":"0681.jpg"},{"visits":1,"filename":"0619.jpg"},{"visits":1,"filename":"0149.jpg"},{"visits":1,"filename":"0451.jpg"},{"visits":1,"filename":"0692.jpg"},{"visits":1,"filename":"0870.jpg"},{"visits":1,"filename":"0074.jpg"},{"visits":1,"filename":"0412.jpg"},{"visits":1,"filename":"0951.jpg"},{"visits":1,"filename":"0090.jpg"},{"visits":1,"filename":"0301.jpg"},{"visits":1,"filename":"0740.jpg"},{"visits":1,"filename":"0408.jpg"},{"visits":1,"filename":"0798.jpg"},{"visits":1,"filename":"0085.jpg"},{"visits":1,"filename":"0375.jpg"},{"visits":1,"filename":"0146.jpg"},{"visits":1,"filename":"0067.jpg"},{"visits":1,"filename":"0604.jpg"},{"visits":1,"filename":"0225.jpg"},{"visits":1,"filename":"0101.jpg"},{"visits":1,"filename":"0703.jpg"},{"visits":1,"filename":"0836.jpg"},{"visits":1,"filename":"0154.jpg"},{"visits":1,"filename":"0197.jpg"},{"visits":1,"filename":"0402.jpg"},{"visits":1,"filename":"0360.jpg"},{"visits":1,"filename":"0202.jpg"},{"visits":1,"filename":"0492.jpg"},{"visits":1,"filename":"0280.jpg"},{"visits":1,"filename":"0623.jpg"},{"visits":1,"filename":"0219.jpg"},{"visits":1,"filename":"0352.jpg"},{"visits":1,"filename":"0220.jpg"},{"visits":1,"filename":"0875.jpg"},{"visits":1,"filename":"0516.jpg"},{"visits":1,"filename":"0195.jpg"},{"visits":1,"filename":"0465.jpg"},{"visits":1,"filename":"0173.jpg"},{"visits":1,"filename":"0330.jpg"},{"visits":1,"filename":"0734.jpg"},{"visits":1,"filename":"0916.jpg"},{"visits":1,"filename":"0324.jpg"},{"visits":1,"filename":"0996.jpg"},{"visits":1,"filename":"0925.jpg"},{"visits":1,"filename":"0677.jpg"},{"visits":1,"filename":"0442.jpg"},{"visits":1,"filename":"0148.jpg"},{"visits":1,"filename":"0232.jpg"},{"visits":1,"filename":"0309.jpg"},{"visits":1,"filename":"0317.jpg"},{"visits":1,"filename":"0667.jpg"},{"visits":1,"filename":"0311.jpg"},{"visits":1,"filename":"0661.jpg"},{"visits":1,"filename":"0974.jpg"},{"visits":1,"filename":"0190.jpg"},{"visits":1,"filename":"0384.jpg"},{"visits":1,"filename":"0671.jpg"},{"visits":1,"filename":"0443.jpg"},{"visits":1,"filename":"0482.jpg"},{"visits":1,"filename":"0349.jpg"},{"visits":1,"filename":"0297.jpg"},{"visits":1,"filename":"0827.jpg"},{"visits":1,"filename":"0645.jpg"},{"visits":1,"filename":"0379.jpg"},{"visits":1,"filename":"0848.jpg"},{"visits":1,"filename":"0370.jpg"},{"visits":1,"filename":"0726.jpg"},{"visits":1,"filename":"0688.jpg"},{"visits":1,"filename":"1023.jpg"},{"visits":1,"filename":"0276.jpg"},{"visits":1,"filename":"0705.jpg"},{"visits":1,"filename":"0776.jpg"},{"visits":1,"filename":"0362.jpg"},{"visits":1,"filename":"0282.jpg"},{"visits":1,"filename":"0625.jpg"},{"visits":1,"filename":"0603.jpg"},{"visits":1,"filename":"0128.jpg"},{"visits":1,"filename":"0640.jpg"},{"visits":1,"filename":"0111.jpg"},{"visits":1,"filename":"0147.jpg"},{"visits":1,"filename":"0751.jpg"},{"visits":1,"filename":"0404.jpg"},{"visits":1,"filename":"0768.jpg"},{"visits":1,"filename":"0872.jpg"},{"visits":1,"filename":"0693.jpg"},{"visits":1,"filename":"0627.jpg"},{"visits":1,"filename":"0199.jpg"},{"visits":1,"filename":"0484.jpg"},{"visits":1,"filename":"0570.jpg"},{"visits":1,"filename":"0941.jpg"},{"visits":1,"filename":"0130.jpg"},{"visits":1,"filename":"0440.jpg"},{"visits":1,"filename":"0724.jpg"},{"visits":1,"filename":"0960.jpg"},{"visits":1,"filename":"0480.jpg"},{"visits":1,"filename":"0290.jpg"},{"visits":1,"filename":"0731.jpg"},{"visits":1,"filename":"0170.jpg"},{"visits":1,"filename":"0476.jpg"},{"visits":1,"filename":"0196.jpg"},{"visits":1,"filename":"0601.jpg"},{"visits":1,"filename":"0081.jpg"},{"visits":1,"filename":"0005.jpg"},{"visits":1,"filename":"0213.jpg"},{"visits":1,"filename":"0596.jpg"},{"visits":1,"filename":"0407.jpg"},{"visits":1,"filename":"0274.jpg"},{"visits":1,"filename":"0795.jpg"},{"visits":1,"filename":"0293.jpg"},{"visits":1,"filename":"0771.jpg"},{"visits":1,"filename":"0501.jpg"},{"visits":1,"filename":"0594.jpg"},{"visits":1,"filename":"0896.jpg"},{"visits":1,"filename":"0020.jpg"},{"visits":1,"filename":"0630.jpg"},{"visits":1,"filename":"0365.jpg"},{"visits":1,"filename":"0399.jpg"},{"visits":1,"filename":"0967.jpg"},{"visits":1,"filename":"0620.jpg"},{"visits":1,"filename":"0885.jpg"},{"visits":1,"filename":"0519.jpg"},{"visits":1,"filename":"0136.jpg"},{"visits":1,"filename":"0765.jpg"},{"visits":1,"filename":"0382.jpg"},{"visits":1,"filename":"0302.jpg"},{"visits":1,"filename":"0617.jpg"},{"visits":1,"filename":"0235.jpg"},{"visits":1,"filename":"0607.jpg"},{"visits":1,"filename":"0786.jpg"},{"visits":1,"filename":"0236.jpg"},{"visits":1,"filename":"0230.jpg"},{"visits":1,"filename":"0348.jpg"},{"visits":1,"filename":"0755.jpg"},{"visits":1,"filename":"0106.jpg"},{"visits":1,"filename":"0410.jpg"},{"visits":1,"filename":"0676.jpg"},{"visits":1,"filename":"0984.jpg"},{"visits":1,"filename":"0745.jpg"},{"visits":1,"filename":"0796.jpg"},{"visits":1,"filename":"0658.jpg"},{"visits":1,"filename":"0072.jpg"},{"visits":1,"filename":"0469.jpg"},{"visits":1,"filename":"0800.jpg"},{"visits":1,"filename":"0626.jpg"},{"visits":1,"filename":"0580.jpg"},{"visits":1,"filename":"0184.jpg"},{"visits":1,"filename":"0493.jpg"},{"visits":1,"filename":"0267.jpg"},{"visits":1,"filename":"0575.jpg"},{"visits":1,"filename":"0589.jpg"},{"visits":1,"filename":"0685.jpg"},{"visits":1,"filename":"0664.jpg"},{"visits":1,"filename":"0310.jpg"},{"visits":1,"filename":"0762.jpg"},{"visits":1,"filename":"0686.jpg"},{"visits":1,"filename":"0168.jpg"},{"visits":1,"filename":"0672.jpg"},{"visits":1,"filename":"0694.jpg"},{"visits":1,"filename":"0631.jpg"},{"visits":1,"filename":"0972.jpg"},{"visits":1,"filename":"0153.jpg"},{"visits":1,"filename":"0741.jpg"},{"visits":1,"filename":"0155.jpg"},{"visits":1,"filename":"0670.jpg"},{"visits":1,"filename":"0739.jpg"},{"visits":1,"filename":"0462.jpg"},{"visits":1,"filename":"0357.jpg"},{"visits":1,"filename":"0100.jpg"},{"visits":1,"filename":"0750.jpg"},{"visits":1,"filename":"0203.jpg"},{"visits":1,"filename":"0385.jpg"},{"visits":1,"filename":"0553.jpg"},{"visits":1,"filename":"0165.jpg"},{"visits":1,"filename":"0376.jpg"},{"visits":1,"filename":"0051.jpg"},{"visits":1,"filename":"0702.jpg"},{"visits":1,"filename":"0435.jpg"},{"visits":1,"filename":"0999.jpg"},{"visits":1,"filename":"0420.jpg"},{"visits":1,"filename":"0581.jpg"},{"visits":1,"filename":"1006.jpg"},{"visits":1,"filename":"0729.jpg"},{"visits":1,"filename":"0590.jpg"},{"visits":1,"filename":"0799.jpg"},{"visits":1,"filename":"0411.jpg"},{"visits":1,"filename":"0881.jpg"},{"visits":1,"filename":"0485.jpg"},{"visits":1,"filename":"0990.jpg"},{"visits":1,"filename":"0406.jpg"},{"visits":1,"filename":"0874.jpg"},{"visits":1,"filename":"0554.jpg"},{"visits":1,"filename":"0043.jpg"},{"visits":1,"filename":"1011.jpg"},{"visits":1,"filename":"0223.jpg"},{"visits":1,"filename":"0343.jpg"},{"visits":1,"filename":"0526.jpg"},{"visits":1,"filename":"0372.jpg"},{"visits":1,"filename":"0652.jpg"},{"visits":1,"filename":"0264.jpg"},{"visits":1,"filename":"0185.jpg"},{"visits":1,"filename":"0066.jpg"},{"visits":1,"filename":"0650.jpg"},{"visits":1,"filename":"0647.jpg"},{"visits":1,"filename":"0802.jpg"},{"visits":1,"filename":"0400.jpg"},{"visits":1,"filename":"0456.jpg"},{"visits":1,"filename":"0754.jpg"},{"visits":1,"filename":"0178.jpg"},{"visits":1,"filename":"0712.jpg"},{"visits":1,"filename":"0648.jpg"},{"visits":1,"filename":"0284.jpg"},{"visits":1,"filename":"0602.jpg"},{"visits":1,"filename":"0287.jpg"},{"visits":1,"filename":"0377.jpg"},{"visits":1,"filename":"0436.jpg"},{"visits":1,"filename":"0646.jpg"},{"visits":1,"filename":"0801.jpg"},{"visits":1,"filename":"0319.jpg"},{"visits":1,"filename":"0050.jpg"},{"visits":1,"filename":"0651.jpg"},{"visits":1,"filename":"0415.jpg"},{"visits":1,"filename":"0387.jpg"},{"visits":1,"filename":"0563.jpg"},{"visits":1,"filename":"0788.jpg"},{"visits":1,"filename":"0361.jpg"},{"visits":1,"filename":"0679.jpg"},{"visits":1,"filename":"0684.jpg"},{"visits":2,"filename":"0191.jpg"},{"visits":2,"filename":"0673.jpg"},{"visits":2,"filename":"0014.jpg"},{"visits":2,"filename":"1012.jpg"},{"visits":2,"filename":"0779.jpg"},{"visits":2,"filename":"0180.jpg"},{"visits":2,"filename":"0430.jpg"},{"visits":2,"filename":"0939.jpg"},{"visits":2,"filename":"0237.jpg"},{"visits":2,"filename":"0510.jpg"},{"visits":2,"filename":"0097.jpg"},{"visits":2,"filename":"0224.jpg"},{"visits":2,"filename":"0242.jpg"},{"visits":2,"filename":"0270.jpg"},{"visits":2,"filename":"0884.jpg"},{"visits":2,"filename":"0533.jpg"},{"visits":2,"filename":"0524.jpg"},{"visits":2,"filename":"0683.jpg"},{"visits":2,"filename":"0061.jpg"},{"visits":2,"filename":"0922.jpg"},{"visits":2,"filename":"0142.jpg"},{"visits":2,"filename":"0032.jpg"},{"visits":2,"filename":"0902.jpg"},{"visits":2,"filename":"0119.jpg"},{"visits":2,"filename":"0281.jpg"},{"visits":2,"filename":"0979.jpg"},{"visits":2,"filename":"0107.jpg"},{"visits":2,"filename":"0850.jpg"},{"visits":2,"filename":"0095.jpg"},{"visits":2,"filename":"0298.jpg"},{"visits":2,"filename":"0869.jpg"},{"visits":2,"filename":"0567.jpg"},{"visits":2,"filename":"0423.jpg"},{"visits":2,"filename":"0305.jpg"},{"visits":2,"filename":"0924.jpg"},{"visits":2,"filename":"0928.jpg"},{"visits":2,"filename":"0060.jpg"},{"visits":2,"filename":"0049.jpg"},{"visits":2,"filename":"0448.jpg"},{"visits":2,"filename":"0978.jpg"},{"visits":2,"filename":"0012.jpg"},{"visits":2,"filename":"0030.jpg"},{"visits":2,"filename":"0530.jpg"},{"visits":2,"filename":"0255.jpg"},{"visits":2,"filename":"0837.jpg"},{"visits":2,"filename":"0070.jpg"},{"visits":2,"filename":"0851.jpg"},{"visits":2,"filename":"0955.jpg"},{"visits":2,"filename":"0035.jpg"},{"visits":2,"filename":"0447.jpg"},{"visits":2,"filename":"0791.jpg"},{"visits":2,"filename":"0797.jpg"},{"visits":2,"filename":"0086.jpg"},{"visits":2,"filename":"0207.jpg"},{"visits":2,"filename":"0719.jpg"},{"visits":2,"filename":"0747.jpg"},{"visits":2,"filename":"0945.jpg"},{"visits":2,"filename":"0643.jpg"},{"visits":2,"filename":"0075.jpg"},{"visits":2,"filename":"0947.jpg"},{"visits":2,"filename":"0952.jpg"},{"visits":2,"filename":"0150.jpg"},{"visits":2,"filename":"0157.jpg"},{"visits":2,"filename":"0845.jpg"},{"visits":2,"filename":"0007.jpg"},{"visits":2,"filename":"0414.jpg"},{"visits":2,"filename":"0994.jpg"},{"visits":2,"filename":"0021.jpg"},{"visits":2,"filename":"0449.jpg"},{"visits":2,"filename":"0038.jpg"},{"visits":2,"filename":"0033.jpg"},{"visits":2,"filename":"0363.jpg"},{"visits":2,"filename":"0912.jpg"},{"visits":2,"filename":"0543.jpg"},{"visits":2,"filename":"0039.jpg"},{"visits":2,"filename":"0139.jpg"},{"visits":2,"filename":"0116.jpg"},{"visits":2,"filename":"0822.jpg"},{"visits":2,"filename":"0811.jpg"},{"visits":2,"filename":"0057.jpg"},{"visits":2,"filename":"0339.jpg"},{"visits":2,"filename":"0374.jpg"},{"visits":2,"filename":"0583.jpg"},{"visits":2,"filename":"0948.jpg"},{"visits":2,"filename":"0490.jpg"},{"visits":2,"filename":"0857.jpg"},{"visits":2,"filename":"0006.jpg"},{"visits":2,"filename":"0368.jpg"},{"visits":2,"filename":"0735.jpg"},{"visits":2,"filename":"0644.jpg"},{"visits":2,"filename":"0268.jpg"},{"visits":2,"filename":"0720.jpg"},{"visits":2,"filename":"0833.jpg"},{"visits":2,"filename":"0970.jpg"},{"visits":2,"filename":"0964.jpg"},{"visits":2,"filename":"0989.jpg"},{"visits":2,"filename":"0882.jpg"},{"visits":2,"filename":"0098.jpg"},{"visits":2,"filename":"0783.jpg"},{"visits":2,"filename":"0806.jpg"},{"visits":2,"filename":"1007.jpg"},{"visits":2,"filename":"0143.jpg"},{"visits":2,"filename":"0890.jpg"},{"visits":2,"filename":"0761.jpg"},{"visits":2,"filename":"0965.jpg"},{"visits":2,"filename":"0770.jpg"},{"visits":2,"filename":"0433.jpg"},{"visits":2,"filename":"0132.jpg"},{"visits":2,"filename":"0177.jpg"},{"visits":2,"filename":"0963.jpg"},{"visits":2,"filename":"0380.jpg"},{"visits":2,"filename":"0114.jpg"},{"visits":2,"filename":"0010.jpg"},{"visits":2,"filename":"0855.jpg"},{"visits":2,"filename":"0730.jpg"},{"visits":2,"filename":"0832.jpg"},{"visits":2,"filename":"0022.jpg"},{"visits":2,"filename":"0790.jpg"},{"visits":2,"filename":"0718.jpg"},{"visits":2,"filename":"0962.jpg"},{"visits":2,"filename":"0031.jpg"},{"visits":2,"filename":"0210.jpg"},{"visits":2,"filename":"0083.jpg"},{"visits":2,"filename":"0151.jpg"},{"visits":2,"filename":"0314.jpg"},{"visits":2,"filename":"0780.jpg"},{"visits":2,"filename":"0176.jpg"},{"visits":2,"filename":"0027.jpg"},{"visits":2,"filename":"0161.jpg"},{"visits":2,"filename":"0793.jpg"},{"visits":2,"filename":"0087.jpg"},{"visits":2,"filename":"0466.jpg"},{"visits":2,"filename":"0144.jpg"},{"visits":2,"filename":"0847.jpg"},{"visits":2,"filename":"0531.jpg"},{"visits":2,"filename":"0831.jpg"},{"visits":2,"filename":"0024.jpg"},{"visits":2,"filename":"0506.jpg"},{"visits":2,"filename":"0118.jpg"},{"visits":2,"filename":"0243.jpg"},{"visits":2,"filename":"0186.jpg"},{"visits":2,"filename":"0728.jpg"},{"visits":2,"filename":"0706.jpg"},{"visits":2,"filename":"0909.jpg"},{"visits":2,"filename":"0721.jpg"},{"visits":2,"filename":"0452.jpg"},{"visits":2,"filename":"0464.jpg"},{"visits":2,"filename":"0995.jpg"},{"visits":2,"filename":"0432.jpg"},{"visits":2,"filename":"0521.jpg"},{"visits":2,"filename":"0695.jpg"},{"visits":2,"filename":"0369.jpg"},{"visits":2,"filename":"0600.jpg"},{"visits":2,"filename":"0766.jpg"},{"visits":2,"filename":"0816.jpg"},{"visits":2,"filename":"0441.jpg"},{"visits":2,"filename":"0842.jpg"},{"visits":2,"filename":"0775.jpg"},{"visits":2,"filename":"0167.jpg"},{"visits":2,"filename":"0736.jpg"},{"visits":2,"filename":"0359.jpg"},{"visits":2,"filename":"0841.jpg"},{"visits":2,"filename":"0326.jpg"},{"visits":2,"filename":"0394.jpg"},{"visits":2,"filename":"0182.jpg"},{"visits":2,"filename":"0926.jpg"},{"visits":2,"filename":"0306.jpg"},{"visits":2,"filename":"0764.jpg"},{"visits":2,"filename":"0910.jpg"},{"visits":2,"filename":"0756.jpg"},{"visits":2,"filename":"0997.jpg"},{"visits":2,"filename":"0886.jpg"},{"visits":2,"filename":"0257.jpg"},{"visits":2,"filename":"0322.jpg"},{"visits":2,"filename":"0593.jpg"},{"visits":2,"filename":"0733.jpg"},{"visits":2,"filename":"0612.jpg"},{"visits":2,"filename":"0566.jpg"},{"visits":2,"filename":"0986.jpg"},{"visits":2,"filename":"0568.jpg"},{"visits":2,"filename":"0181.jpg"},{"visits":2,"filename":"0156.jpg"},{"visits":2,"filename":"0444.jpg"},{"visits":2,"filename":"0188.jpg"},{"visits":2,"filename":"0079.jpg"},{"visits":2,"filename":"0286.jpg"},{"visits":2,"filename":"0998.jpg"},{"visits":2,"filename":"0784.jpg"},{"visits":2,"filename":"0152.jpg"},{"visits":2,"filename":"0344.jpg"},{"visits":2,"filename":"0488.jpg"},{"visits":2,"filename":"0564.jpg"},{"visits":2,"filename":"0172.jpg"},{"visits":2,"filename":"0273.jpg"},{"visits":2,"filename":"0838.jpg"},{"visits":2,"filename":"0461.jpg"},{"visits":2,"filename":"0539.jpg"},{"visits":2,"filename":"0505.jpg"},{"visits":2,"filename":"0737.jpg"},{"visits":2,"filename":"0303.jpg"},{"visits":2,"filename":"0548.jpg"},{"visits":2,"filename":"0574.jpg"},{"visits":2,"filename":"0587.jpg"},{"visits":2,"filename":"0454.jpg"},{"visits":2,"filename":"0335.jpg"},{"visits":2,"filename":"0334.jpg"},{"visits":2,"filename":"0509.jpg"},{"visits":2,"filename":"0662.jpg"},{"visits":2,"filename":"0936.jpg"},{"visits":2,"filename":"0424.jpg"},{"visits":2,"filename":"1022.jpg"},{"visits":2,"filename":"0656.jpg"},{"visits":2,"filename":"0102.jpg"},{"visits":2,"filename":"0921.jpg"},{"visits":2,"filename":"0968.jpg"},{"visits":2,"filename":"0217.jpg"},{"visits":2,"filename":"0318.jpg"},{"visits":2,"filename":"0171.jpg"},{"visits":2,"filename":"0536.jpg"},{"visits":2,"filename":"0540.jpg"},{"visits":2,"filename":"0980.jpg"},{"visits":2,"filename":"0457.jpg"},{"visits":2,"filename":"0367.jpg"},{"visits":2,"filename":"0045.jpg"},{"visits":2,"filename":"0251.jpg"},{"visits":2,"filename":"0253.jpg"},{"visits":2,"filename":"0821.jpg"},{"visits":2,"filename":"0572.jpg"},{"visits":2,"filename":"0654.jpg"},{"visits":2,"filename":"0687.jpg"},{"visits":2,"filename":"0291.jpg"},{"visits":2,"filename":"0500.jpg"},{"visits":2,"filename":"0483.jpg"},{"visits":2,"filename":"0697.jpg"},{"visits":2,"filename":"0742.jpg"},{"visits":2,"filename":"0239.jpg"},{"visits":2,"filename":"0649.jpg"},{"visits":2,"filename":"0528.jpg"},{"visits":2,"filename":"0123.jpg"},{"visits":2,"filename":"0669.jpg"},{"visits":2,"filename":"0814.jpg"},{"visits":2,"filename":"0749.jpg"},{"visits":2,"filename":"0949.jpg"},{"visits":2,"filename":"0183.jpg"},{"visits":2,"filename":"0249.jpg"},{"visits":2,"filename":"0666.jpg"},{"visits":2,"filename":"0743.jpg"},{"visits":2,"filename":"0373.jpg"},{"visits":2,"filename":"0522.jpg"},{"visits":2,"filename":"0413.jpg"},{"visits":2,"filename":"0489.jpg"},{"visits":2,"filename":"0878.jpg"},{"visits":2,"filename":"0541.jpg"},{"visits":2,"filename":"0422.jpg"},{"visits":2,"filename":"0395.jpg"},{"visits":2,"filename":"0520.jpg"},{"visits":2,"filename":"0498.jpg"},{"visits":2,"filename":"0954.jpg"},{"visits":2,"filename":"0325.jpg"},{"visits":2,"filename":"0353.jpg"},{"visits":2,"filename":"0639.jpg"},{"visits":2,"filename":"0094.jpg"},{"visits":2,"filename":"0350.jpg"},{"visits":2,"filename":"0511.jpg"},{"visits":2,"filename":"0262.jpg"},{"visits":2,"filename":"0477.jpg"},{"visits":2,"filename":"0713.jpg"},{"visits":2,"filename":"0862.jpg"}]