[{"visits":0,"filename":"00682.jpg"},{"visits":0,"filename":"00691.jpg"},{"visits":0,"filename":"00686.jpg"},{"visits":0,"filename":"00694.jpg"},{"visits":0,"filename":"00688.jpg"},{"visits":0,"filename":"00689.jpg"},{"visits":0,"filename":"00680.jpg"},{"visits":0,"filename":"00690.jpg"},{"visits":0,"filename":"00674.jpg"},{"visits":0,"filename":"00675.jpg"},{"visits":0,"filename":"00701.jpg"},{"visits":0,"filename":"00677.jpg"},{"visits":0,"filename":"00678.jpg"},{"visits":0,"filename":"00703.jpg"},{"visits":0,"filename":"00697.jpg"},{"visits":0,"filename":"00699.jpg"},{"visits":0,"filename":"00700.jpg"},{"visits":0,"filename":"00707.jpg"},{"visits":0,"filename":"00702.jpg"},{"visits":0,"filename":"00710.jpg"},{"visits":0,"filename":"00704.jpg"},{"visits":0,"filename":"00705.jpg"},{"visits":0,"filename":"00698.jpg"},{"visits":0,"filename":"00673.jpg"},{"visits":0,"filename":"00692.jpg"},{"visits":0,"filename":"00693.jpg"},{"visits":0,"filename":"00676.jpg"},{"visits":0,"filename":"00695.jpg"},{"visits":0,"filename":"00696.jpg"},{"visits":0,"filename":"00679.jpg"},{"visits":0,"filename":"00672.jpg"},{"visits":0,"filename":"00649.jpg"},{"visits":0,"filename":"00650.jpg"},{"visits":0,"filename":"00657.jpg"},{"visits":0,"filename":"00652.jpg"},{"visits":0,"filename":"00660.jpg"},{"visits":0,"filename":"00654.jpg"},{"visits":0,"filename":"00655.jpg"},{"visits":0,"filename":"00648.jpg"},{"visits":0,"filename":"00656.jpg"},{"visits":0,"filename":"00642.jpg"},{"visits":0,"filename":"00643.jpg"},{"visits":0,"filename":"00667.jpg"},{"visits":0,"filename":"00645.jpg"},{"visits":0,"filename":"00646.jpg"},{"visits":0,"filename":"00669.jpg"},{"visits":0,"filename":"00663.jpg"},{"visits":0,"filename":"00665.jpg"},{"visits":0,"filename":"00666.jpg"},{"visits":0,"filename":"00651.jpg"},{"visits":0,"filename":"00668.jpg"},{"visits":0,"filename":"00653.jpg"},{"visits":0,"filename":"00670.jpg"},{"visits":0,"filename":"00671.jpg"},{"visits":0,"filename":"00664.jpg"},{"visits":0,"filename":"00706.jpg"},{"visits":0,"filename":"00658.jpg"},{"visits":0,"filename":"00659.jpg"},{"visits":0,"filename":"00749.jpg"},{"visits":0,"filename":"00661.jpg"},{"visits":0,"filename":"00662.jpg"},{"visits":0,"filename":"00751.jpg"},{"visits":0,"filename":"00713.jpg"},{"visits":0,"filename":"00747.jpg"},{"visits":0,"filename":"00748.jpg"},{"visits":0,"filename":"00755.jpg"},{"visits":0,"filename":"00750.jpg"},{"visits":0,"filename":"00758.jpg"},{"visits":0,"filename":"00752.jpg"},{"visits":0,"filename":"00753.jpg"},{"visits":0,"filename":"00746.jpg"},{"visits":0,"filename":"00754.jpg"},{"visits":0,"filename":"00740.jpg"},{"visits":0,"filename":"00741.jpg"},{"visits":0,"filename":"00765.jpg"},{"visits":0,"filename":"00743.jpg"},{"visits":0,"filename":"00744.jpg"},{"visits":0,"filename":"00767.jpg"},{"visits":0,"filename":"00761.jpg"},{"visits":0,"filename":"00763.jpg"},{"visits":0,"filename":"00764.jpg"},{"visits":0,"filename":"00773.jpg"},{"visits":0,"filename":"00766.jpg"},{"visits":0,"filename":"00771.jpg"},{"visits":0,"filename":"00768.jpg"},{"visits":0,"filename":"00770.jpg"},{"visits":0,"filename":"00762.jpg"},{"visits":0,"filename":"00739.jpg"},{"visits":0,"filename":"00756.jpg"},{"visits":0,"filename":"00757.jpg"},{"visits":0,"filename":"00742.jpg"},{"visits":0,"filename":"00759.jpg"},{"visits":0,"filename":"00760.jpg"},{"visits":0,"filename":"00745.jpg"},{"visits":0,"filename":"00738.jpg"},{"visits":0,"filename":"00715.jpg"},{"visits":0,"filename":"00716.jpg"},{"visits":0,"filename":"00723.jpg"},{"visits":0,"filename":"00718.jpg"},{"visits":0,"filename":"00726.jpg"},{"visits":0,"filename":"00720.jpg"},{"visits":0,"filename":"00721.jpg"},{"visits":0,"filename":"00714.jpg"},{"visits":0,"filename":"00722.jpg"},{"visits":0,"filename":"00708.jpg"},{"visits":0,"filename":"00709.jpg"},{"visits":0,"filename":"00733.jpg"},{"visits":0,"filename":"00711.jpg"},{"visits":0,"filename":"00712.jpg"},{"visits":0,"filename":"00735.jpg"},{"visits":0,"filename":"00729.jpg"},{"visits":0,"filename":"00731.jpg"},{"visits":0,"filename":"00732.jpg"},{"visits":0,"filename":"00717.jpg"},{"visits":0,"filename":"00734.jpg"},{"visits":0,"filename":"00719.jpg"},{"visits":0,"filename":"00736.jpg"},{"visits":0,"filename":"00737.jpg"},{"visits":0,"filename":"00730.jpg"},{"visits":0,"filename":"00641.jpg"},{"visits":0,"filename":"00724.jpg"},{"visits":0,"filename":"00725.jpg"},{"visits":0,"filename":"00644.jpg"},{"visits":0,"filename":"00727.jpg"},{"visits":0,"filename":"00728.jpg"},{"visits":0,"filename":"00647.jpg"},{"visits":0,"filename":"00640.jpg"},{"visits":0,"filename":"00553.jpg"},{"visits":0,"filename":"00556.jpg"},{"visits":0,"filename":"00554.jpg"},{"visits":0,"filename":"00564.jpg"},{"visits":0,"filename":"00559.jpg"},{"visits":0,"filename":"00567.jpg"},{"visits":0,"filename":"00558.jpg"},{"visits":0,"filename":"00561.jpg"},{"visits":0,"filename":"00552.jpg"},{"visits":0,"filename":"00571.jpg"},{"visits":0,"filename":"00546.jpg"},{"visits":0,"filename":"00549.jpg"},{"visits":0,"filename":"00573.jpg"},{"visits":0,"filename":"00560.jpg"},{"visits":0,"filename":"00550.jpg"},{"visits":0,"filename":"00569.jpg"},{"visits":0,"filename":"00563.jpg"},{"visits":0,"filename":"00572.jpg"},{"visits":0,"filename":"00570.jpg"},{"visits":0,"filename":"00581.jpg"},{"visits":0,"filename":"00575.jpg"},{"visits":0,"filename":"00582.jpg"},{"visits":0,"filename":"00574.jpg"},{"visits":0,"filename":"00619.jpg"},{"visits":0,"filename":"00568.jpg"},{"visits":0,"filename":"00548.jpg"},{"visits":0,"filename":"00562.jpg"},{"visits":0,"filename":"00565.jpg"},{"visits":0,"filename":"00551.jpg"},{"visits":0,"filename":"00545.jpg"},{"visits":0,"filename":"00566.jpg"},{"visits":0,"filename":"00547.jpg"},{"visits":0,"filename":"00544.jpg"},{"visits":0,"filename":"00524.jpg"},{"visits":0,"filename":"00522.jpg"},{"visits":0,"filename":"00533.jpg"},{"visits":0,"filename":"00527.jpg"},{"visits":0,"filename":"00534.jpg"},{"visits":0,"filename":"00526.jpg"},{"visits":0,"filename":"00539.jpg"},{"visits":0,"filename":"00520.jpg"},{"visits":0,"filename":"00518.jpg"},{"visits":0,"filename":"00515.jpg"},{"visits":0,"filename":"00519.jpg"},{"visits":0,"filename":"00543.jpg"},{"visits":0,"filename":"00529.jpg"},{"visits":0,"filename":"00528.jpg"},{"visits":0,"filename":"00536.jpg"},{"visits":0,"filename":"00530.jpg"},{"visits":0,"filename":"00541.jpg"},{"visits":0,"filename":"00540.jpg"},{"visits":0,"filename":"00525.jpg"},{"visits":0,"filename":"00542.jpg"},{"visits":0,"filename":"00521.jpg"},{"visits":0,"filename":"00537.jpg"},{"visits":0,"filename":"00523.jpg"},{"visits":0,"filename":"00531.jpg"},{"visits":0,"filename":"00618.jpg"},{"visits":0,"filename":"00532.jpg"},{"visits":0,"filename":"00535.jpg"},{"visits":0,"filename":"00623.jpg"},{"visits":0,"filename":"00577.jpg"},{"visits":0,"filename":"00576.jpg"},{"visits":0,"filename":"00616.jpg"},{"visits":0,"filename":"00578.jpg"},{"visits":0,"filename":"00620.jpg"},{"visits":0,"filename":"00635.jpg"},{"visits":0,"filename":"00621.jpg"},{"visits":0,"filename":"00629.jpg"},{"visits":0,"filename":"00617.jpg"},{"visits":0,"filename":"00622.jpg"},{"visits":0,"filename":"00611.jpg"},{"visits":0,"filename":"00625.jpg"},{"visits":0,"filename":"00612.jpg"},{"visits":0,"filename":"00610.jpg"},{"visits":0,"filename":"00634.jpg"},{"visits":0,"filename":"00615.jpg"},{"visits":0,"filename":"00624.jpg"},{"visits":0,"filename":"00639.jpg"},{"visits":0,"filename":"00630.jpg"},{"visits":0,"filename":"00632.jpg"},{"visits":0,"filename":"00636.jpg"},{"visits":0,"filename":"00555.jpg"},{"visits":0,"filename":"00637.jpg"},{"visits":0,"filename":"00557.jpg"},{"visits":0,"filename":"00633.jpg"},{"visits":0,"filename":"00638.jpg"},{"visits":0,"filename":"00627.jpg"},{"visits":0,"filename":"00608.jpg"},{"visits":0,"filename":"00628.jpg"},{"visits":0,"filename":"00626.jpg"},{"visits":0,"filename":"00613.jpg"},{"visits":0,"filename":"00631.jpg"},{"visits":0,"filename":"00609.jpg"},{"visits":0,"filename":"00614.jpg"},{"visits":0,"filename":"00587.jpg"},{"visits":0,"filename":"00584.jpg"},{"visits":0,"filename":"00589.jpg"},{"visits":0,"filename":"00588.jpg"},{"visits":0,"filename":"00597.jpg"},{"visits":0,"filename":"00590.jpg"},{"visits":0,"filename":"00598.jpg"},{"visits":0,"filename":"00585.jpg"},{"visits":0,"filename":"00603.jpg"},{"visits":0,"filename":"00579.jpg"},{"visits":0,"filename":"00602.jpg"},{"visits":0,"filename":"00580.jpg"},{"visits":0,"filename":"00583.jpg"},{"visits":0,"filename":"00607.jpg"},{"visits":0,"filename":"00593.jpg"},{"visits":0,"filename":"00592.jpg"},{"visits":0,"filename":"00600.jpg"},{"visits":0,"filename":"00594.jpg"},{"visits":0,"filename":"00604.jpg"},{"visits":0,"filename":"00586.jpg"},{"visits":0,"filename":"00605.jpg"},{"visits":0,"filename":"00591.jpg"},{"visits":0,"filename":"00601.jpg"},{"visits":0,"filename":"00606.jpg"},{"visits":0,"filename":"00595.jpg"},{"visits":0,"filename":"00512.jpg"},{"visits":0,"filename":"00941.jpg"},{"visits":0,"filename":"00596.jpg"},{"visits":0,"filename":"00599.jpg"},{"visits":0,"filename":"00769.jpg"},{"visits":0,"filename":"00170.jpg"},{"visits":0,"filename":"00774.jpg"},{"visits":0,"filename":"00514.jpg"},{"visits":0,"filename":"00944.jpg"},{"visits":0,"filename":"00946.jpg"},{"visits":0,"filename":"00945.jpg"},{"visits":0,"filename":"00939.jpg"},{"visits":0,"filename":"00938.jpg"},{"visits":0,"filename":"00933.jpg"},{"visits":0,"filename":"00932.jpg"},{"visits":0,"filename":"00934.jpg"},{"visits":0,"filename":"00935.jpg"},{"visits":0,"filename":"00937.jpg"},{"visits":0,"filename":"00936.jpg"},{"visits":0,"filename":"00947.jpg"},{"visits":0,"filename":"00948.jpg"},{"visits":0,"filename":"00958.jpg"},{"visits":0,"filename":"00957.jpg"},{"visits":0,"filename":"00959.jpg"},{"visits":0,"filename":"00960.jpg"},{"visits":0,"filename":"00962.jpg"},{"visits":0,"filename":"00961.jpg"},{"visits":0,"filename":"00956.jpg"},{"visits":0,"filename":"00955.jpg"},{"visits":0,"filename":"00950.jpg"},{"visits":0,"filename":"00949.jpg"},{"visits":0,"filename":"00951.jpg"},{"visits":0,"filename":"00952.jpg"},{"visits":0,"filename":"00954.jpg"},{"visits":0,"filename":"00953.jpg"},{"visits":0,"filename":"00931.jpg"},{"visits":0,"filename":"00930.jpg"},{"visits":0,"filename":"00909.jpg"},{"visits":0,"filename":"00908.jpg"},{"visits":0,"filename":"00910.jpg"},{"visits":0,"filename":"00911.jpg"},{"visits":0,"filename":"00913.jpg"},{"visits":0,"filename":"00912.jpg"},{"visits":0,"filename":"00907.jpg"},{"visits":0,"filename":"00906.jpg"},{"visits":0,"filename":"00901.jpg"},{"visits":0,"filename":"00900.jpg"},{"visits":0,"filename":"00902.jpg"},{"visits":0,"filename":"00903.jpg"},{"visits":0,"filename":"00905.jpg"},{"visits":0,"filename":"00904.jpg"},{"visits":0,"filename":"00914.jpg"},{"visits":0,"filename":"00915.jpg"},{"visits":0,"filename":"00925.jpg"},{"visits":0,"filename":"00924.jpg"},{"visits":0,"filename":"00926.jpg"},{"visits":0,"filename":"00927.jpg"},{"visits":0,"filename":"00929.jpg"},{"visits":0,"filename":"00928.jpg"},{"visits":0,"filename":"00923.jpg"},{"visits":0,"filename":"00922.jpg"},{"visits":0,"filename":"00917.jpg"},{"visits":0,"filename":"00916.jpg"},{"visits":0,"filename":"00918.jpg"},{"visits":0,"filename":"00919.jpg"},{"visits":0,"filename":"00921.jpg"},{"visits":0,"filename":"00899.jpg"},{"visits":0,"filename":"00814.jpg"},{"visits":0,"filename":"00966.jpg"},{"visits":0,"filename":"00920.jpg"},{"visits":0,"filename":"00963.jpg"},{"visits":0,"filename":"00811.jpg"},{"visits":0,"filename":"01008.jpg"},{"visits":0,"filename":"01010.jpg"},{"visits":0,"filename":"01009.jpg"},{"visits":0,"filename":"01004.jpg"},{"visits":0,"filename":"01003.jpg"},{"visits":0,"filename":"00998.jpg"},{"visits":0,"filename":"00997.jpg"},{"visits":0,"filename":"00999.jpg"},{"visits":0,"filename":"01000.jpg"},{"visits":0,"filename":"01002.jpg"},{"visits":0,"filename":"00996.jpg"},{"visits":0,"filename":"01006.jpg"},{"visits":0,"filename":"01014.jpg"},{"visits":0,"filename":"01001.jpg"},{"visits":0,"filename":"01011.jpg"},{"visits":0,"filename":"00972.jpg"},{"visits":0,"filename":"01022.jpg"},{"visits":0,"filename":"01019.jpg"},{"visits":0,"filename":"01021.jpg"},{"visits":0,"filename":"01012.jpg"},{"visits":0,"filename":"web_index.json"},{"visits":0,"filename":"README.md"},{"visits":0,"filename":"01017.jpg"},{"visits":0,"filename":"01018.jpg"},{"visits":0,"filename":"01015.jpg"},{"visits":0,"filename":"01020.jpg"},{"visits":0,"filename":"01023.jpg"},{"visits":0,"filename":"00995.jpg"},{"visits":0,"filename":"01013.jpg"},{"visits":0,"filename":"01016.jpg"},{"visits":0,"filename":"00977.jpg"},{"visits":0,"filename":"00994.jpg"},{"visits":0,"filename":"00975.jpg"},{"visits":0,"filename":"01005.jpg"},{"visits":0,"filename":"01007.jpg"},{"visits":0,"filename":"00971.jpg"},{"visits":0,"filename":"00979.jpg"},{"visits":0,"filename":"00976.jpg"},{"visits":0,"filename":"00974.jpg"},{"visits":0,"filename":"00970.jpg"},{"visits":0,"filename":"00967.jpg"},{"visits":0,"filename":"00964.jpg"},{"visits":0,"filename":"00969.jpg"},{"visits":0,"filename":"00978.jpg"},{"visits":0,"filename":"00965.jpg"},{"visits":0,"filename":"00968.jpg"},{"visits":0,"filename":"00989.jpg"},{"visits":0,"filename":"00982.jpg"},{"visits":0,"filename":"00991.jpg"},{"visits":0,"filename":"00988.jpg"},{"visits":0,"filename":"00993.jpg"},{"visits":0,"filename":"00987.jpg"},{"visits":0,"filename":"00973.jpg"},{"visits":0,"filename":"00992.jpg"},{"visits":0,"filename":"00990.jpg"},{"visits":0,"filename":"00986.jpg"},{"visits":0,"filename":"00983.jpg"},{"visits":0,"filename":"00980.jpg"},{"visits":0,"filename":"00985.jpg"},{"visits":0,"filename":"00898.jpg"},{"visits":0,"filename":"00981.jpg"},{"visits":0,"filename":"00984.jpg"},{"visits":0,"filename":"00816.jpg"},{"visits":0,"filename":"00897.jpg"},{"visits":0,"filename":"00810.jpg"},{"visits":0,"filename":"00943.jpg"},{"visits":0,"filename":"00815.jpg"},{"visits":0,"filename":"00818.jpg"},{"visits":0,"filename":"00821.jpg"},{"visits":0,"filename":"00828.jpg"},{"visits":0,"filename":"00940.jpg"},{"visits":0,"filename":"00942.jpg"},{"visits":0,"filename":"00817.jpg"},{"visits":0,"filename":"00808.jpg"},{"visits":0,"filename":"00807.jpg"},{"visits":0,"filename":"00804.jpg"},{"visits":0,"filename":"00813.jpg"},{"visits":0,"filename":"00809.jpg"},{"visits":0,"filename":"00819.jpg"},{"visits":0,"filename":"00822.jpg"},{"visits":0,"filename":"00826.jpg"},{"visits":0,"filename":"00832.jpg"},{"visits":0,"filename":"00831.jpg"},{"visits":0,"filename":"00834.jpg"},{"visits":0,"filename":"00837.jpg"},{"visits":0,"filename":"00876.jpg"},{"visits":0,"filename":"00830.jpg"},{"visits":0,"filename":"00827.jpg"},{"visits":0,"filename":"00802.jpg"},{"visits":0,"filename":"00824.jpg"},{"visits":0,"filename":"00823.jpg"},{"visits":0,"filename":"00820.jpg"},{"visits":0,"filename":"00829.jpg"},{"visits":0,"filename":"00825.jpg"},{"visits":0,"filename":"00806.jpg"},{"visits":0,"filename":"00803.jpg"},{"visits":0,"filename":"00778.jpg"},{"visits":0,"filename":"00784.jpg"},{"visits":0,"filename":"00783.jpg"},{"visits":0,"filename":"00786.jpg"},{"visits":0,"filename":"00789.jpg"},{"visits":0,"filename":"00796.jpg"},{"visits":0,"filename":"00782.jpg"},{"visits":0,"filename":"00779.jpg"},{"visits":0,"filename":"00785.jpg"},{"visits":0,"filename":"00776.jpg"},{"visits":0,"filename":"00775.jpg"},{"visits":0,"filename":"00772.jpg"},{"visits":0,"filename":"00781.jpg"},{"visits":0,"filename":"00777.jpg"},{"visits":0,"filename":"00787.jpg"},{"visits":0,"filename":"00790.jpg"},{"visits":0,"filename":"00794.jpg"},{"visits":0,"filename":"00800.jpg"},{"visits":0,"filename":"00799.jpg"},{"visits":0,"filename":"00780.jpg"},{"visits":0,"filename":"00805.jpg"},{"visits":0,"filename":"00801.jpg"},{"visits":0,"filename":"00798.jpg"},{"visits":0,"filename":"00795.jpg"},{"visits":0,"filename":"00833.jpg"},{"visits":0,"filename":"00792.jpg"},{"visits":0,"filename":"00791.jpg"},{"visits":0,"filename":"00788.jpg"},{"visits":0,"filename":"00797.jpg"},{"visits":0,"filename":"00793.jpg"},{"visits":0,"filename":"00835.jpg"},{"visits":0,"filename":"00838.jpg"},{"visits":0,"filename":"00875.jpg"},{"visits":0,"filename":"00877.jpg"},{"visits":0,"filename":"00878.jpg"},{"visits":0,"filename":"00880.jpg"},{"visits":0,"filename":"00879.jpg"},{"visits":0,"filename":"00874.jpg"},{"visits":0,"filename":"00873.jpg"},{"visits":0,"filename":"00868.jpg"},{"visits":0,"filename":"00867.jpg"},{"visits":0,"filename":"00887.jpg"},{"visits":0,"filename":"00870.jpg"},{"visits":0,"filename":"00872.jpg"},{"visits":0,"filename":"00871.jpg"},{"visits":0,"filename":"00881.jpg"},{"visits":0,"filename":"00882.jpg"},{"visits":0,"filename":"00892.jpg"},{"visits":0,"filename":"00891.jpg"},{"visits":0,"filename":"00895.jpg"},{"visits":0,"filename":"00894.jpg"},{"visits":0,"filename":"00896.jpg"},{"visits":0,"filename":"00812.jpg"},{"visits":0,"filename":"00890.jpg"},{"visits":0,"filename":"00893.jpg"},{"visits":0,"filename":"00866.jpg"},{"visits":0,"filename":"00886.jpg"},{"visits":0,"filename":"00885.jpg"},{"visits":0,"filename":"00889.jpg"},{"visits":0,"filename":"00883.jpg"},{"visits":0,"filename":"00884.jpg"},{"visits":0,"filename":"00888.jpg"},{"visits":0,"filename":"00869.jpg"},{"visits":0,"filename":"00858.jpg"},{"visits":0,"filename":"00865.jpg"},{"visits":0,"filename":"00842.jpg"},{"visits":0,"filename":"00848.jpg"},{"visits":0,"filename":"00847.jpg"},{"visits":0,"filename":"00850.jpg"},{"visits":0,"filename":"00853.jpg"},{"visits":0,"filename":"00860.jpg"},{"visits":0,"filename":"00846.jpg"},{"visits":0,"filename":"00843.jpg"},{"visits":0,"filename":"00849.jpg"},{"visits":0,"filename":"00840.jpg"},{"visits":0,"filename":"00839.jpg"},{"visits":0,"filename":"00836.jpg"},{"visits":0,"filename":"00845.jpg"},{"visits":0,"filename":"00841.jpg"},{"visits":0,"filename":"00851.jpg"},{"visits":0,"filename":"00862.jpg"},{"visits":0,"filename":"00863.jpg"},{"visits":0,"filename":"00854.jpg"},{"visits":0,"filename":"00859.jpg"},{"visits":0,"filename":"00844.jpg"},{"visits":0,"filename":"00864.jpg"},{"visits":0,"filename":"00861.jpg"},{"visits":0,"filename":"00172.jpg"},{"visits":0,"filename":"00857.jpg"},{"visits":0,"filename":"00513.jpg"},{"visits":0,"filename":"00856.jpg"},{"visits":0,"filename":"00855.jpg"},{"visits":0,"filename":"00852.jpg"},{"visits":0,"filename":"00687.jpg"},{"visits":0,"filename":"00538.jpg"},{"visits":0,"filename":"00169.jpg"},{"visits":0,"filename":"00178.jpg"},{"visits":0,"filename":"00173.jpg"},{"visits":0,"filename":"00181.jpg"},{"visits":0,"filename":"00175.jpg"},{"visits":0,"filename":"00176.jpg"},{"visits":0,"filename":"00168.jpg"},{"visits":0,"filename":"00177.jpg"},{"visits":0,"filename":"00162.jpg"},{"visits":0,"filename":"00163.jpg"},{"visits":0,"filename":"00188.jpg"},{"visits":0,"filename":"00165.jpg"},{"visits":0,"filename":"00166.jpg"},{"visits":0,"filename":"00190.jpg"},{"visits":0,"filename":"00184.jpg"},{"visits":0,"filename":"00186.jpg"},{"visits":0,"filename":"00187.jpg"},{"visits":0,"filename":"00194.jpg"},{"visits":0,"filename":"00189.jpg"},{"visits":0,"filename":"00197.jpg"},{"visits":0,"filename":"00191.jpg"},{"visits":0,"filename":"00192.jpg"},{"visits":0,"filename":"00185.jpg"},{"visits":0,"filename":"00161.jpg"},{"visits":0,"filename":"00179.jpg"},{"visits":0,"filename":"00180.jpg"},{"visits":0,"filename":"00164.jpg"},{"visits":0,"filename":"00182.jpg"},{"visits":0,"filename":"00183.jpg"},{"visits":0,"filename":"00167.jpg"},{"visits":0,"filename":"00160.jpg"},{"visits":0,"filename":"00137.jpg"},{"visits":0,"filename":"00138.jpg"},{"visits":0,"filename":"00145.jpg"},{"visits":0,"filename":"00140.jpg"},{"visits":0,"filename":"00148.jpg"},{"visits":0,"filename":"00142.jpg"},{"visits":0,"filename":"00143.jpg"},{"visits":0,"filename":"00136.jpg"},{"visits":0,"filename":"00144.jpg"},{"visits":0,"filename":"00130.jpg"},{"visits":0,"filename":"00131.jpg"},{"visits":0,"filename":"00155.jpg"},{"visits":0,"filename":"00133.jpg"},{"visits":0,"filename":"00134.jpg"},{"visits":0,"filename":"00157.jpg"},{"visits":0,"filename":"00151.jpg"},{"visits":0,"filename":"00153.jpg"},{"visits":0,"filename":"00154.jpg"},{"visits":0,"filename":"00139.jpg"},{"visits":0,"filename":"00156.jpg"},{"visits":0,"filename":"00141.jpg"},{"visits":0,"filename":"00158.jpg"},{"visits":0,"filename":"00159.jpg"},{"visits":0,"filename":"00152.jpg"},{"visits":0,"filename":"00193.jpg"},{"visits":0,"filename":"00146.jpg"},{"visits":0,"filename":"00147.jpg"},{"visits":0,"filename":"00236.jpg"},{"visits":0,"filename":"00149.jpg"},{"visits":0,"filename":"00150.jpg"},{"visits":0,"filename":"00238.jpg"},{"visits":0,"filename":"00200.jpg"},{"visits":0,"filename":"00234.jpg"},{"visits":0,"filename":"00235.jpg"},{"visits":0,"filename":"00242.jpg"},{"visits":0,"filename":"00237.jpg"},{"visits":0,"filename":"00245.jpg"},{"visits":0,"filename":"00239.jpg"},{"visits":0,"filename":"00240.jpg"},{"visits":0,"filename":"00233.jpg"},{"visits":0,"filename":"00241.jpg"},{"visits":0,"filename":"00227.jpg"},{"visits":0,"filename":"00228.jpg"},{"visits":0,"filename":"00252.jpg"},{"visits":0,"filename":"00230.jpg"},{"visits":0,"filename":"00231.jpg"},{"visits":0,"filename":"00254.jpg"},{"visits":0,"filename":"00248.jpg"},{"visits":0,"filename":"00250.jpg"},{"visits":0,"filename":"00251.jpg"},{"visits":0,"filename":"00427.jpg"},{"visits":0,"filename":"00253.jpg"},{"visits":0,"filename":"00255.jpg"},{"visits":0,"filename":"00426.jpg"},{"visits":0,"filename":"00517.jpg"},{"visits":0,"filename":"00257.jpg"},{"visits":0,"filename":"00249.jpg"},{"visits":0,"filename":"00226.jpg"},{"visits":0,"filename":"00243.jpg"},{"visits":0,"filename":"00244.jpg"},{"visits":0,"filename":"00229.jpg"},{"visits":0,"filename":"00246.jpg"},{"visits":0,"filename":"00247.jpg"},{"visits":0,"filename":"00232.jpg"},{"visits":0,"filename":"00225.jpg"},{"visits":0,"filename":"00202.jpg"},{"visits":0,"filename":"00203.jpg"},{"visits":0,"filename":"00210.jpg"},{"visits":0,"filename":"00205.jpg"},{"visits":0,"filename":"00213.jpg"},{"visits":0,"filename":"00207.jpg"},{"visits":0,"filename":"00208.jpg"},{"visits":0,"filename":"00201.jpg"},{"visits":0,"filename":"00209.jpg"},{"visits":0,"filename":"00195.jpg"},{"visits":0,"filename":"00196.jpg"},{"visits":0,"filename":"00220.jpg"},{"visits":0,"filename":"00198.jpg"},{"visits":0,"filename":"00199.jpg"},{"visits":0,"filename":"00222.jpg"},{"visits":0,"filename":"00216.jpg"},{"visits":0,"filename":"00218.jpg"},{"visits":0,"filename":"00219.jpg"},{"visits":0,"filename":"00204.jpg"},{"visits":0,"filename":"00221.jpg"},{"visits":0,"filename":"00206.jpg"},{"visits":0,"filename":"00223.jpg"},{"visits":0,"filename":"00224.jpg"},{"visits":0,"filename":"00217.jpg"},{"visits":0,"filename":"00129.jpg"},{"visits":0,"filename":"00211.jpg"},{"visits":0,"filename":"00212.jpg"},{"visits":0,"filename":"00132.jpg"},{"visits":0,"filename":"00214.jpg"},{"visits":0,"filename":"00215.jpg"},{"visits":0,"filename":"00135.jpg"},{"visits":0,"filename":"00128.jpg"},{"visits":0,"filename":"00049.jpg"},{"visits":0,"filename":"00041.jpg"},{"visits":0,"filename":"00044.jpg"},{"visits":0,"filename":"00046.jpg"},{"visits":0,"filename":"00061.jpg"},{"visits":0,"filename":"00052.jpg"},{"visits":0,"filename":"00042.jpg"},{"visits":0,"filename":"00047.jpg"},{"visits":0,"filename":"00035.jpg"},{"visits":0,"filename":"00048.jpg"},{"visits":0,"filename":"00059.jpg"},{"visits":0,"filename":"00038.jpg"},{"visits":0,"filename":"00040.jpg"},{"visits":0,"filename":"00037.jpg"},{"visits":0,"filename":"00055.jpg"},{"visits":0,"filename":"00050.jpg"},{"visits":0,"filename":"00067.jpg"},{"visits":0,"filename":"00057.jpg"},{"visits":0,"filename":"00060.jpg"},{"visits":0,"filename":"00062.jpg"},{"visits":0,"filename":"00104.jpg"},{"visits":0,"filename":"00070.jpg"},{"visits":0,"filename":"00058.jpg"},{"visits":0,"filename":"00064.jpg"},{"visits":0,"filename":"00051.jpg"},{"visits":0,"filename":"00033.jpg"},{"visits":0,"filename":"00036.jpg"},{"visits":0,"filename":"00054.jpg"},{"visits":0,"filename":"00056.jpg"},{"visits":0,"filename":"00053.jpg"},{"visits":0,"filename":"00034.jpg"},{"visits":0,"filename":"00039.jpg"},{"visits":0,"filename":"00019.jpg"},{"visits":0,"filename":"00009.jpg"},{"visits":0,"filename":"00012.jpg"},{"visits":0,"filename":"00014.jpg"},{"visits":0,"filename":"00024.jpg"},{"visits":0,"filename":"00022.jpg"},{"visits":0,"filename":"00010.jpg"},{"visits":0,"filename":"00016.jpg"},{"visits":0,"filename":"00004.jpg"},{"visits":0,"filename":"00026.jpg"},{"visits":0,"filename":"00028.jpg"},{"visits":0,"filename":"00005.jpg"},{"visits":0,"filename":"00008.jpg"},{"visits":0,"filename":"00015.jpg"},{"visits":0,"filename":"00018.jpg"},{"visits":0,"filename":"00017.jpg"},{"visits":0,"filename":"00011.jpg"},{"visits":0,"filename":"00027.jpg"},{"visits":0,"filename":"00030.jpg"},{"visits":0,"filename":"00029.jpg"},{"visits":0,"filename":"00032.jpg"},{"visits":0,"filename":"00013.jpg"},{"visits":0,"filename":"00025.jpg"},{"visits":0,"filename":"00031.jpg"},{"visits":0,"filename":"00020.jpg"},{"visits":0,"filename":"00106.jpg"},{"visits":0,"filename":"00108.jpg"},{"visits":0,"filename":"00021.jpg"},{"visits":0,"filename":"00023.jpg"},{"visits":0,"filename":"00063.jpg"},{"visits":0,"filename":"00066.jpg"},{"visits":0,"filename":"00065.jpg"},{"visits":0,"filename":"00107.jpg"},{"visits":0,"filename":"00105.jpg"},{"visits":0,"filename":"00115.jpg"},{"visits":0,"filename":"00110.jpg"},{"visits":0,"filename":"00118.jpg"},{"visits":0,"filename":"00109.jpg"},{"visits":0,"filename":"00112.jpg"},{"visits":0,"filename":"00103.jpg"},{"visits":0,"filename":"00122.jpg"},{"visits":0,"filename":"00097.jpg"},{"visits":0,"filename":"00100.jpg"},{"visits":0,"filename":"00124.jpg"},{"visits":0,"filename":"00111.jpg"},{"visits":0,"filename":"00101.jpg"},{"visits":0,"filename":"00120.jpg"},{"visits":0,"filename":"00114.jpg"},{"visits":0,"filename":"00123.jpg"},{"visits":0,"filename":"00121.jpg"},{"visits":0,"filename":"00043.jpg"},{"visits":0,"filename":"00126.jpg"},{"visits":0,"filename":"00045.jpg"},{"visits":0,"filename":"00125.jpg"},{"visits":0,"filename":"00127.jpg"},{"visits":0,"filename":"00119.jpg"},{"visits":0,"filename":"00099.jpg"},{"visits":0,"filename":"00113.jpg"},{"visits":0,"filename":"00116.jpg"},{"visits":0,"filename":"00102.jpg"},{"visits":0,"filename":"00096.jpg"},{"visits":0,"filename":"00117.jpg"},{"visits":0,"filename":"00098.jpg"},{"visits":0,"filename":"00095.jpg"},{"visits":0,"filename":"00083.jpg"},{"visits":0,"filename":"00075.jpg"},{"visits":0,"filename":"00078.jpg"},{"visits":0,"filename":"00077.jpg"},{"visits":0,"filename":"00088.jpg"},{"visits":0,"filename":"00086.jpg"},{"visits":0,"filename":"00073.jpg"},{"visits":0,"filename":"00080.jpg"},{"visits":0,"filename":"00068.jpg"},{"visits":0,"filename":"00090.jpg"},{"visits":0,"filename":"00092.jpg"},{"visits":0,"filename":"00069.jpg"},{"visits":0,"filename":"00071.jpg"},{"visits":0,"filename":"00079.jpg"},{"visits":0,"filename":"00082.jpg"},{"visits":0,"filename":"00081.jpg"},{"visits":0,"filename":"00091.jpg"},{"visits":0,"filename":"00089.jpg"},{"visits":0,"filename":"00076.jpg"},{"visits":0,"filename":"00094.jpg"},{"visits":0,"filename":"00072.jpg"},{"visits":0,"filename":"00093.jpg"},{"visits":0,"filename":"00074.jpg"},{"visits":0,"filename":"00087.jpg"},{"visits":0,"filename":"00084.jpg"},{"visits":0,"filename":"00259.jpg"},{"visits":0,"filename":"00429.jpg"},{"visits":0,"filename":"00085.jpg"},{"visits":0,"filename":"00256.jpg"},{"visits":0,"filename":"00516.jpg"},{"visits":0,"filename":"00174.jpg"},{"visits":0,"filename":"00431.jpg"},{"visits":0,"filename":"00425.jpg"},{"visits":0,"filename":"00433.jpg"},{"visits":0,"filename":"00430.jpg"},{"visits":0,"filename":"00428.jpg"},{"visits":0,"filename":"00424.jpg"},{"visits":0,"filename":"00421.jpg"},{"visits":0,"filename":"00418.jpg"},{"visits":0,"filename":"00423.jpg"},{"visits":0,"filename":"00432.jpg"},{"visits":0,"filename":"00419.jpg"},{"visits":0,"filename":"00422.jpg"},{"visits":0,"filename":"00443.jpg"},{"visits":0,"filename":"00436.jpg"},{"visits":0,"filename":"00445.jpg"},{"visits":0,"filename":"00442.jpg"},{"visits":0,"filename":"00447.jpg"},{"visits":0,"filename":"00441.jpg"},{"visits":0,"filename":"00449.jpg"},{"visits":0,"filename":"00446.jpg"},{"visits":0,"filename":"00444.jpg"},{"visits":0,"filename":"00440.jpg"},{"visits":0,"filename":"00437.jpg"},{"visits":0,"filename":"00434.jpg"},{"visits":0,"filename":"00439.jpg"},{"visits":0,"filename":"00417.jpg"},{"visits":0,"filename":"00435.jpg"},{"visits":0,"filename":"00438.jpg"},{"visits":0,"filename":"00420.jpg"},{"visits":0,"filename":"00416.jpg"},{"visits":0,"filename":"00397.jpg"},{"visits":0,"filename":"00394.jpg"},{"visits":0,"filename":"00399.jpg"},{"visits":0,"filename":"00393.jpg"},{"visits":0,"filename":"00401.jpg"},{"visits":0,"filename":"00398.jpg"},{"visits":0,"filename":"00396.jpg"},{"visits":0,"filename":"00392.jpg"},{"visits":0,"filename":"00389.jpg"},{"visits":0,"filename":"00260.jpg"},{"visits":0,"filename":"00271.jpg"},{"visits":0,"filename":"00400.jpg"},{"visits":0,"filename":"00261.jpg"},{"visits":0,"filename":"00390.jpg"},{"visits":0,"filename":"00411.jpg"},{"visits":0,"filename":"00404.jpg"},{"visits":0,"filename":"00413.jpg"},{"visits":0,"filename":"00410.jpg"},{"visits":0,"filename":"00415.jpg"},{"visits":0,"filename":"00409.jpg"},{"visits":0,"filename":"00395.jpg"},{"visits":0,"filename":"00414.jpg"},{"visits":0,"filename":"00412.jpg"},{"visits":0,"filename":"00408.jpg"},{"visits":0,"filename":"00405.jpg"},{"visits":0,"filename":"00402.jpg"},{"visits":0,"filename":"00407.jpg"},{"visits":0,"filename":"00448.jpg"},{"visits":0,"filename":"00403.jpg"},{"visits":0,"filename":"00406.jpg"},{"visits":0,"filename":"00491.jpg"},{"visits":0,"filename":"00452.jpg"},{"visits":0,"filename":"00493.jpg"},{"visits":0,"filename":"00495.jpg"},{"visits":0,"filename":"00486.jpg"},{"visits":0,"filename":"00487.jpg"},{"visits":0,"filename":"00490.jpg"},{"visits":0,"filename":"00488.jpg"},{"visits":0,"filename":"00492.jpg"},{"visits":0,"filename":"00489.jpg"},{"visits":0,"filename":"00483.jpg"},{"visits":0,"filename":"00494.jpg"},{"visits":0,"filename":"00480.jpg"},{"visits":0,"filename":"00503.jpg"},{"visits":0,"filename":"00482.jpg"},{"visits":0,"filename":"00484.jpg"},{"visits":0,"filename":"00507.jpg"},{"visits":0,"filename":"00496.jpg"},{"visits":0,"filename":"00485.jpg"},{"visits":0,"filename":"00497.jpg"},{"visits":0,"filename":"00504.jpg"},{"visits":0,"filename":"00510.jpg"},{"visits":0,"filename":"00506.jpg"},{"visits":0,"filename":"00508.jpg"},{"visits":0,"filename":"00171.jpg"},{"visits":0,"filename":"00505.jpg"},{"visits":0,"filename":"00499.jpg"},{"visits":0,"filename":"00501.jpg"},{"visits":0,"filename":"00509.jpg"},{"visits":0,"filename":"00500.jpg"},{"visits":0,"filename":"00502.jpg"},{"visits":0,"filename":"00511.jpg"},{"visits":0,"filename":"00481.jpg"},{"visits":0,"filename":"00498.jpg"},{"visits":0,"filename":"00459.jpg"},{"visits":0,"filename":"00477.jpg"},{"visits":0,"filename":"00478.jpg"},{"visits":0,"filename":"00461.jpg"},{"visits":0,"filename":"00458.jpg"},{"visits":0,"filename":"00463.jpg"},{"visits":0,"filename":"00457.jpg"},{"visits":0,"filename":"00465.jpg"},{"visits":0,"filename":"00462.jpg"},{"visits":0,"filename":"00460.jpg"},{"visits":0,"filename":"00456.jpg"},{"visits":0,"filename":"00453.jpg"},{"visits":0,"filename":"00450.jpg"},{"visits":0,"filename":"00455.jpg"},{"visits":0,"filename":"00464.jpg"},{"visits":0,"filename":"00451.jpg"},{"visits":0,"filename":"00454.jpg"},{"visits":0,"filename":"00475.jpg"},{"visits":0,"filename":"00476.jpg"},{"visits":0,"filename":"00479.jpg"},{"visits":0,"filename":"00468.jpg"},{"visits":0,"filename":"00472.jpg"},{"visits":0,"filename":"00473.jpg"},{"visits":0,"filename":"00474.jpg"},{"visits":0,"filename":"00467.jpg"},{"visits":0,"filename":"00385.jpg"},{"visits":0,"filename":"00470.jpg"},{"visits":0,"filename":"00469.jpg"},{"visits":0,"filename":"00466.jpg"},{"visits":0,"filename":"00471.jpg"},{"visits":0,"filename":"00384.jpg"},{"visits":0,"filename":"00386.jpg"},{"visits":0,"filename":"00387.jpg"},{"visits":0,"filename":"00314.jpg"},{"visits":0,"filename":"00301.jpg"},{"visits":0,"filename":"00297.jpg"},{"visits":0,"filename":"00304.jpg"},{"visits":0,"filename":"00318.jpg"},{"visits":0,"filename":"00305.jpg"},{"visits":0,"filename":"00300.jpg"},{"visits":0,"filename":"00296.jpg"},{"visits":0,"filename":"00295.jpg"},{"visits":0,"filename":"00293.jpg"},{"visits":0,"filename":"00307.jpg"},{"visits":0,"filename":"00290.jpg"},{"visits":0,"filename":"00299.jpg"},{"visits":0,"filename":"00294.jpg"},{"visits":0,"filename":"00288.jpg"},{"visits":0,"filename":"00308.jpg"},{"visits":0,"filename":"00322.jpg"},{"visits":0,"filename":"00317.jpg"},{"visits":0,"filename":"00313.jpg"},{"visits":0,"filename":"00391.jpg"},{"visits":0,"filename":"00367.jpg"},{"visits":0,"filename":"00321.jpg"},{"visits":0,"filename":"00316.jpg"},{"visits":0,"filename":"00312.jpg"},{"visits":0,"filename":"00311.jpg"},{"visits":0,"filename":"00309.jpg"},{"visits":0,"filename":"00289.jpg"},{"visits":0,"filename":"00306.jpg"},{"visits":0,"filename":"00315.jpg"},{"visits":0,"filename":"00310.jpg"},{"visits":0,"filename":"00292.jpg"},{"visits":0,"filename":"00303.jpg"},{"visits":0,"filename":"00284.jpg"},{"visits":0,"filename":"00269.jpg"},{"visits":0,"filename":"00265.jpg"},{"visits":0,"filename":"00273.jpg"},{"visits":0,"filename":"00281.jpg"},{"visits":0,"filename":"00283.jpg"},{"visits":0,"filename":"00268.jpg"},{"visits":0,"filename":"00264.jpg"},{"visits":0,"filename":"00262.jpg"},{"visits":0,"filename":"00263.jpg"},{"visits":0,"filename":"00274.jpg"},{"visits":0,"filename":"00258.jpg"},{"visits":0,"filename":"00267.jpg"},{"visits":0,"filename":"00272.jpg"},{"visits":0,"filename":"00319.jpg"},{"visits":0,"filename":"00277.jpg"},{"visits":0,"filename":"00286.jpg"},{"visits":0,"filename":"00287.jpg"},{"visits":0,"filename":"00280.jpg"},{"visits":0,"filename":"00266.jpg"},{"visits":0,"filename":"00291.jpg"},{"visits":0,"filename":"00270.jpg"},{"visits":0,"filename":"00285.jpg"},{"visits":0,"filename":"00275.jpg"},{"visits":0,"filename":"00278.jpg"},{"visits":0,"filename":"00279.jpg"},{"visits":0,"filename":"00362.jpg"},{"visits":0,"filename":"00276.jpg"},{"visits":0,"filename":"00282.jpg"},{"visits":0,"filename":"00320.jpg"},{"visits":0,"filename":"00388.jpg"},{"visits":0,"filename":"00302.jpg"},{"visits":0,"filename":"00364.jpg"},{"visits":0,"filename":"00366.jpg"},{"visits":0,"filename":"00360.jpg"},{"visits":0,"filename":"00379.jpg"},{"visits":0,"filename":"00361.jpg"},{"visits":0,"filename":"00365.jpg"},{"visits":0,"filename":"00355.jpg"},{"visits":0,"filename":"00363.jpg"},{"visits":0,"filename":"00334.jpg"},{"visits":0,"filename":"00358.jpg"},{"visits":0,"filename":"00325.jpg"},{"visits":0,"filename":"00354.jpg"},{"visits":0,"filename":"00368.jpg"},{"visits":0,"filename":"00378.jpg"},{"visits":0,"filename":"00373.jpg"},{"visits":0,"filename":"00383.jpg"},{"visits":0,"filename":"00380.jpg"},{"visits":0,"filename":"00382.jpg"},{"visits":0,"filename":"00376.jpg"},{"visits":0,"filename":"00298.jpg"},{"visits":0,"filename":"00377.jpg"},{"visits":0,"filename":"00381.jpg"},{"visits":0,"filename":"00371.jpg"},{"visits":0,"filename":"00375.jpg"},{"visits":0,"filename":"00372.jpg"},{"visits":0,"filename":"00374.jpg"},{"visits":0,"filename":"00352.jpg"},{"visits":0,"filename":"00370.jpg"},{"visits":0,"filename":"00353.jpg"},{"visits":0,"filename":"00331.jpg"},{"visits":0,"filename":"00359.jpg"},{"visits":0,"filename":"00369.jpg"},{"visits":0,"filename":"00338.jpg"},{"visits":0,"filename":"00335.jpg"},{"visits":0,"filename":"00328.jpg"},{"visits":0,"filename":"00356.jpg"},{"visits":0,"filename":"00347.jpg"},{"visits":0,"filename":"00337.jpg"},{"visits":0,"filename":"00333.jpg"},{"visits":0,"filename":"00323.jpg"},{"visits":0,"filename":"00326.jpg"},{"visits":0,"filename":"00327.jpg"},{"visits":0,"filename":"00346.jpg"},{"visits":0,"filename":"00324.jpg"},{"visits":0,"filename":"00330.jpg"},{"visits":0,"filename":"00336.jpg"},{"visits":0,"filename":"00357.jpg"},{"visits":0,"filename":"00329.jpg"},{"visits":0,"filename":"00342.jpg"},{"visits":0,"filename":"00350.jpg"},{"visits":0,"filename":"00343.jpg"},{"visits":0,"filename":"00332.jpg"},{"visits":0,"filename":"00345.jpg"},{"visits":0,"filename":"00339.jpg"},{"visits":0,"filename":"00351.jpg"},{"visits":0,"filename":"00344.jpg"},{"visits":0,"filename":"00340.jpg"},{"visits":0,"filename":"00348.jpg"},{"visits":0,"filename":"00349.jpg"},{"visits":0,"filename":"00341.jpg"},{"visits":0,"filename":"00000.jpg"},{"visits":0,"filename":"00683.jpg"},{"visits":1,"filename":"00681.jpg"},{"visits":1,"filename":"00685.jpg"},{"visits":1,"filename":"00684.jpg"},{"visits":1,"filename":"00001.jpg"},{"visits":1,"filename":"00007.jpg"},{"visits":1,"filename":"00002.jpg"},{"visits":1,"filename":"00003.jpg"},{"visits":1,"filename":"00006.jpg"}]